ISBN -- Mart 12, 2021
9782747223102
9782733304907
9782092020210
3333973157165
3344428003906
5050582959178
0000000177375
0600753090237
3760014192425
3521383410967
3356570980028
9782204063487
9782020849425
9782100056583
9782082008648
9783836534406
9782100723706
9791092530421
9782364634664
9782352041320
9782355501234
9782842910891
9782355501784
9782746711167
9782871294979
9782871293675
3760014192708
9782355302329
9782726896952
9782021181425
9782070577194
9782849461181
9782266136211
9782738122247
9782253176510
9782253147930
9782290300398
